{
    "rmse": 0.7485083196630903,
    "mae": 0.579686418287183,
    "r2": 0.2826086563528115
}